	rank	website	category	change	avg_visit_duration	pages/visit	bounce_rate	subcategory
0	1	happycow.net	Food and Drink	=	00:03:16	4.12	0.5226	Vegetarian and Vegan
1	2	irrawaddy.com	Food and Drink	1	00:04:04	2.94	0.5163	Vegetarian and Vegan
2	3	veganricha.com	Food and Drink	-1	00:02:46	2.0	0.6740999999999999	Vegetarian and Vegan
3	4	froh.de	Food and Drink	new	00:01:54	1.63	0.7693000000000001	Vegetarian and Vegan
4	5	veggieboards.com	Food and Drink	-1	00:00:47	3.11	0.3267	Vegetarian and Vegan
5	6	rawdd.com	Food and Drink	1	00:01:43	1.93	0.7067	Vegetarian and Vegan
6	7	stadionowioprawcy.net	Food and Drink	-1	00:02:25	2.55	0.5368999999999999	Vegetarian and Vegan
7	8	vegansociety.com	Food and Drink	-3	00:01:29	1.89	0.6523	Vegetarian and Vegan
8	9	vebu.de	Food and Drink	6	00:01:39	2.32	0.6263000000000001	Vegetarian and Vegan
9	10	chooseveg.com	Food and Drink	1	00:00:44	1.42	0.7589	Vegetarian and Vegan
10	11	farmfreshtoyou.com	Food and Drink	2	00:08:06	4.41	0.3455	Vegetarian and Vegan
11	12	se.com.br	Food and Drink	2	00:01:32	1.67	0.7409	Vegetarian and Vegan
12	13	holycowvegan.net	Food and Drink	18	00:03:25	2.07	0.7245999999999999	Vegetarian and Vegan
13	14	vegnews.com	Food and Drink	-5	00:01:04	1.33	0.8190000000000001	Vegetarian and Vegan
14	15	msrawytop.com	Food and Drink	34	00:00:36	1.82	0.787	Vegetarian and Vegan
15	16	vegetarisch.de	Food and Drink	4	00:03:21	5.88	0.2975	Vegetarian and Vegan
16	17	veganuary.com	Food and Drink	12	00:02:46	2.14	0.6257	Vegetarian and Vegan
17	18	vegan.com	Food and Drink	-8	00:00:21	1.28	0.7363	Vegetarian and Vegan
18	19	ilovevegan.com	Food and Drink	=	00:00:37	1.35	0.727	Vegetarian and Vegan
19	20	vegetarian.ru	Food and Drink	3	00:01:06	1.76	0.7287	Vegetarian and Vegan
20	21	vegancoach.com	Food and Drink	51	00:01:21	1.39	0.6441	Vegetarian and Vegan
21	22	gesund.de	Food and Drink	4	00:00:33	1.29	0.8420000000000001	Vegetarian and Vegan
22	23	theflamingvegan.com	Food and Drink	-5	00:00:18	1.41	0.8549	Vegetarian and Vegan
23	24	suiis.com	Food and Drink	-8	00:02:03	2.37	0.7597	Vegetarian and Vegan
24	25	biserawalpindi.edu.pk	Food and Drink	-1	00:05:02	5.16	0.2788	Vegetarian and Vegan
25	26	vegetarianismo.net	Food and Drink	1	00:02:20	1.86	0.6255	Vegetarian and Vegan
26	27	brandnewvegan.com	Food and Drink	-10	00:01:46	1.51	0.7995	Vegetarian and Vegan
27	28	vegweb.com	Food and Drink	-16	00:02:30	1.42	0.8440000000000001	Vegetarian and Vegan
28	29	veganessentials.com	Food and Drink	-7	00:01:27	3.06	0.5797	Vegetarian and Vegan
30	31	cntvan.com	Food and Drink	new	00:00:00	1.01	0.9976999999999999	Vegetarian and Vegan
31	32	veggiecommunity.org	Food and Drink	-24	00:02:44	4.08	0.1918	Vegetarian and Vegan
32	33	vrg.org	Food and Drink	-5	00:00:21	1.17	0.9077	Vegetarian and Vegan
33	34	followyourheart.com	Food and Drink	1	00:00:42	2.29	0.7959	Vegetarian and Vegan
34	35	mania.com	Food and Drink	2	00:04:21	4.43	0.509	Vegetarian and Vegan
35	36	veganbodybuilding.com	Food and Drink	19	00:00:12	1.16	0.9472	Vegetarian and Vegan
36	37	raws.org	Food and Drink	3	00:01:38	2.05	0.6136	Vegetarian and Vegan
37	38	sunwarrior.com	Food and Drink	-17	00:01:08	1.52	0.7468	Vegetarian and Vegan
38	39	cantinhovegetariano.com.br	Food and Drink	14	00:01:22	1.74	0.6431999999999999	Vegetarian and Vegan
39	40	veganfoodlover.com	Food and Drink	-6	00:00:15	1.64	0.7729	Vegetarian and Vegan
40	41	veganstart.de	Food and Drink	new	00:00:01	1.01	0.9940000000000001	Vegetarian and Vegan
41	42	rawan.net	Food and Drink	new	00:11:32	6.3	0.14980000000000002	Vegetarian and Vegan
42	43	job.lzu.edu.cn	Food and Drink	new	00:00:55	3.69	0.024399999999999998	Vegetarian and Vegan
43	44	deutschlandistvegan.de	Food and Drink	17	00:01:19	1.28	0.7609999999999999	Vegetarian and Vegan
44	45	vegancuts.com	Food and Drink	-1	00:01:55	2.98	0.2833	Vegetarian and Vegan
45	46	vegsoc.org	Food and Drink	-16	00:02:25	2.36	0.8017	Vegetarian and Vegan
46	47	veganguerilla.de	Food and Drink	7	00:00:56	2.63	0.6305	Vegetarian and Vegan
47	48	vegpool.de	Food and Drink	-6	00:01:39	1.56	0.7115	Vegetarian and Vegan
48	49	vegfest.co.uk	Food and Drink	new	00:02:51	2.61	0.6148	Vegetarian and Vegan
49	50	veg.by	Food and Drink	-18	00:04:06	1.36	0.7724	Vegetarian and Vegan
50	1	cookpad.com	Food and Drink	=	00:03:25	3.75	0.4708	Cooking and Recipes
51	2	tabelog.com	Food and Drink	=	00:04:45	5.5	0.3614	
52	3	hotpepper.jp	Food and Drink	1	00:05:16	7.34	0.3615	
53	4	tesco.com	Food and Drink	new	00:05:52	8.42	0.2901	Food and Grocery Retailers
54	5	dianping.com	Food and Drink	-2	00:02:07	3.46	0.5368999999999999	Cooking and Recipes
55	6	asda.com	Food and Drink	-1	00:07:07	29.49	0.2928	Food and Grocery Retailers
56	7	allrecipes.com	Food and Drink	-1	00:02:30	2.46	0.5760000000000001	Cooking and Recipes
57	8	zomato.com	Food and Drink	-1	00:03:30	5.38	0.44630000000000003	Restaurants and Delivery
58	9	chefkoch.de	Food and Drink	-1	00:03:38	3.86	0.4487	Cooking and Recipes
59	10	pizzahut.com	Food and Drink	=	00:07:08	9.83	0.1655	Restaurants and Delivery
60	11	dominos.com	Food and Drink	=	00:07:29	7.54	0.2419	Restaurants and Delivery
61	12	tudogostoso.com.br	Food and Drink	-3	00:02:38	2.39	0.36219999999999997	Cooking and Recipes
62	13	gnavi.co.jp	Food and Drink	-1	00:03:15	4.28	0.4752	
63	14	marmiton.org	Food and Drink	1	00:02:30	2.5	0.5918	Cooking and Recipes
64	15	thespruce.com	Food and Drink	new	00:01:28	1.6	0.7383	Cooking and Recipes
65	16	russianfood.com	Food and Drink	-3	00:03:04	2.62	0.45649999999999996	Cooking and Recipes
66	17	kroger.com	Food and Drink	-3	00:05:00	6.25	0.23370000000000002	
67	18	mcdonalds.com	Food and Drink	1	00:01:46	2.1	0.6695	Restaurants and Delivery
68	19	foodnetwork.com	Food and Drink	-3	00:01:59	2.32	0.6296	Cooking and Recipes
69	20	papajohns.com	Food and Drink	1	00:07:38	8.65	0.22699999999999998	Restaurants and Delivery
70	21	starbucks.com	Food and Drink	-3	00:02:12	3.3	0.5971	Restaurants and Delivery
71	22	giallozafferano.it	Food and Drink	1	00:04:00	2.7	0.5434	Cooking and Recipes
72	23	sainsburys.co.uk	Food and Drink	1	00:06:23	11.48	0.2195	Food and Grocery Retailers
73	24	xiachufang.com	Food and Drink	-4	00:02:24	2.71	0.5468	
74	25	yemeksepeti.com	Food and Drink	-3	00:08:42	7.19	0.2327	Restaurants and Delivery
75	26	eat.co.uk	Food and Drink	2	00:06:44	8.38	0.2498	Restaurants and Delivery
76	27	food.com	Food and Drink	-10	00:01:57	2.64	0.5525	Cooking and Recipes
77	28	kfc.com.cn	Food and Drink	1	00:00:39	1.47	0.7291	Restaurants and Delivery
78	29	delish.com	Food and Drink	-2	00:02:12	5.5	0.578	Cooking and Recipes
79	30	meishichina.com	Food and Drink	3	00:01:26	3.35	0.5912	
80	31	grubhub.com	Food and Drink	9	00:06:32	6.16	0.3061	Restaurants and Delivery
81	32	thekitchn.com	Food and Drink	5	00:01:11	1.69	0.7748999999999999	Cooking and Recipes
82	33	retty.me	Food and Drink	-7	00:02:50	2.92	0.5174	
83	34	woolworths.com.au	Food and Drink	2	00:06:08	11.65	0.3577	Food and Grocery Retailers
84	35	edimdoma.ru	Food and Drink	=	00:01:28	1.66	0.6890000000000001	Cooking and Recipes
85	36	nefisyemektarifleri.com	Food and Drink	-6	00:02:42	2.68	0.6243	Cooking and Recipes
86	37	meishij.net	Food and Drink	-12	00:01:14	1.7	0.7031999999999999	Cooking and Recipes
87	38	haodou.com	Food and Drink	-7	00:00:54	1.86	0.6286	Cooking and Recipes
88	39	openrice.com	Food and Drink	-7	00:03:57	5.09	0.4376	Restaurants and Delivery
89	40	seriouseats.com	Food and Drink	3	00:01:53	2.18	0.5828	Cooking and Recipes
90	41	povarenok.ru	Food and Drink	-7	00:02:48	2.72	0.5906	Cooking and Recipes
91	42	opentable.com	Food and Drink	-3	00:03:19	4.45	0.3519	Restaurants and Delivery
92	43	xinshipu.com	Food and Drink	-5	00:02:21	4.0	0.4004	
93	44	foody.vn	Food and Drink	-3	00:03:41	4.08	0.519	
94	45	coles.com.au	Food and Drink	-3	00:06:18	14.4	0.26739999999999997	Food and Grocery Retailers
95	46	tasteofhome.com	Food and Drink	2	00:02:12	4.02	0.6294	Cooking and Recipes
96	47	bbcgoodfood.com	Food and Drink	3	00:01:34	1.81	0.7069	Cooking and Recipes
97	48	douguo.com	Food and Drink	-4	00:01:00	1.5	0.7143	Cooking and Recipes
98	49	ele.me	Food and Drink	3	00:04:19	5.21	0.45380000000000004	Restaurants and Delivery
99	50	ah.nl	Food and Drink	-1	00:03:26	4.84	0.4827	
100	1	lifescript.com	Health	=	00:03:16	4.06	0.4818	Nutrition
101	2	vitacost.com	Health	=	00:06:17	6.29	0.44939999999999997	Nutrition
102	3	gnc.com	Health	=	00:02:52	3.28	0.5511	Nutrition
103	4	nucific.com	Health	new	00:01:01	2.33	0.3529	Nutrition
104	5	vitaminshoppe.com	Health	=	00:03:43	4.12	0.4336	Nutrition
105	6	dietdoctor.com	Health	new	00:02:47	2.68	0.61	Nutrition
106	7	calorizator.ru	Health	-3	00:01:53	1.82	0.6890000000000001	Nutrition
107	8	bikini.fr	Health	-1	00:01:44	2.69	0.5913	Nutrition
108	9	fddb.info	Health	-3	00:02:28	5.34	0.5947	Nutrition
109	10	examine.com	Health	=	00:01:40	2.07	0.7029000000000001	Nutrition
110	11	nutritionfacts.org	Health	=	00:02:55	2.11	0.6063000000000001	Nutrition
111	12	laguiadelasvitaminas.com	Health	-3	00:01:39	1.44	0.7885	Nutrition
112	13	cronometer.com	Health	-5	00:03:23	2.24	0.6511	Nutrition
113	14	fabrykasily.pl	Health	-2	00:02:00	2.15	0.6527	Nutrition
114	15	atkins.com	Health	1	00:03:04	2.42	0.5936	Nutrition
115	16	nutritionix.com	Health	1	00:00:55	2.5	0.6775	Nutrition
116	17	marksdailyapple.com	Health	1	00:01:19	1.65	0.7428	Nutrition
117	18	davidwolfe.com	Health	3	00:00:59	1.29	0.846	Nutrition
118	19	lifeextension.com	Health	-5	00:02:14	2.61	0.6008	Nutrition
119	20	ketodietapp.com	Health	3	00:02:25	2.07	0.7545999999999999	Nutrition
120	21	starbene.it	Health	-1	00:00:48	1.44	0.7867000000000001	Nutrition
121	22	dietascormillot.com	Health	4	00:01:52	2.05	0.4314	Nutrition
122	23	steptohealth.com	Health	-8	00:01:45	2.61	0.49729999999999996	Nutrition
123	24	onnit.com	Health	1	00:02:17	2.3	0.6377	Nutrition
124	25	smartbmicalculator.com	Health	-1	00:02:21	3.07	0.30760000000000004	Nutrition
125	26	eiyoukeisan.com	Health	-4	00:01:31	1.62	0.7458	Nutrition
126	27	whfoods.com	Health	-8	00:01:23	1.57	0.7027	Nutrition
127	28	optimale.com	Health	new	00:01:41	1.26	0.8162999999999999	Nutrition
128	29	healthyfoodteam.com	Health	23	00:01:17	1.17	0.8559	Nutrition
129	30	organicauthority.com	Health	-2	00:00:54	1.2	0.8238	Nutrition
130	31	myhealthtips.in	Health	3	00:00:35	1.13	0.8673000000000001	Nutrition
131	32	nutrition.org	Health	-5	00:02:03	2.12	0.45380000000000004	Nutrition
132	33	drjulianopimentel.com.br	Health	new	00:01:02	1.29	0.8227	Nutrition
133	34	mev0.com	Health	new	00:04:44	4.24	0.45799999999999996	Nutrition
134	35	infoactusante.com	Health	new	00:00:37	1.59	0.5347	Nutrition
135	36	dietaeboasaude.com.br	Health	-4	00:02:26	1.28	0.8020999999999999	Nutrition
136	37	ilfattoalimentare.it	Health	5	00:01:29	1.55	0.7065	Nutrition
137	38	lanutrition.fr	Health	-3	00:01:57	2.42	0.6839	Nutrition
138	39	knowthecause.com	Health	new	00:11:42	15.82	0.2418	Nutrition
139	40	calorieking.com.au	Health	24	00:03:21	6.88	0.1833	Nutrition
140	41	calculator.net	Health	-12	00:02:29	3.27	0.3223	Nutrition
141	42	optimumnutrition.com	Health	3	00:03:27	3.71	0.1917	Nutrition
142	43	emagrecerrapido.info	Health	-10	00:00:59	1.37	0.8103	Nutrition
143	44	nutritienda.com	Health	10	00:04:39	5.08	0.6282	Nutrition
144	45	zumub.com	Health	new	00:02:05	4.35	0.3751	Nutrition
145	46	viveredonna.it	Health	1	00:02:30	2.31	0.7117	Nutrition
146	47	similac.com	Health	-7	00:02:33	3.93	0.6078	Nutrition
147	48	5lb.ru	Health	-4	00:04:03	4.71	0.4507	Nutrition
148	49	naturemade.com	Health	7	00:01:04	2.32	0.3435	Nutrition
149	50	choosemyplate.gov	Health	-19	00:04:05	4.13	0.5031	Nutrition
150	1	baiducontent.com	Health	=	00:08:50	6.94	0.4424	
151	2	nih.gov	Health	1	00:03:53	4.07	0.5782	
152	3	120ask.com	Health	1	00:01:39	1.73	0.6468	
153	4	healthline.com	Health	-2	00:03:23	10.68	0.2869	
154	5	webmd.com	Health	=	00:01:52	2.19	0.6463	Conditions and Diseases
155	6	xywy.com	Health	=	00:01:35	1.71	0.655	
156	7	babycenter.com	Health	=	00:02:27	2.01	0.6693000000000001	Child Health
157	8	xiangha.com	Health	=	00:02:24	2.31	0.47159999999999996	
158	9	haodf.com	Health	=	00:02:19	2.39	0.6338	
159	10	drugs.com	Health	=	00:01:48	2.36	0.6873	Pharmacy
160	11	39.net	Health	=	00:01:04	1.91	0.7245	
161	12	walgreens.com	Health	=	00:04:01	4.68	0.4235	
162	13	fh21.com.cn	Health	2	00:02:01	5.6	0.48700000000000004	
163	14	iherb.com	Health	2	00:06:59	8.77	0.3079	Products and Shopping
164	15	mayoclinic.org	Health	4	00:01:34	2.11	0.6918000000000001	
165	16	garmin.com	Health	-3	00:05:29	6.5	0.33899999999999997	Products and Shopping
166	17	cnkang.com	Health	3	00:02:16	5.29	0.5428999999999999	
167	18	cvs.com	Health	-1	00:02:39	4.6	0.3804	Pharmacy
168	19	medlineplus.gov	Health	-1	00:01:37	1.41	0.7702	
169	20	yaolan.com	Health	new	00:00:43	1.51	0.743	Child Health
170	21	elsevier.com	Health	6	00:03:35	4.22	0.5531	
171	22	medicinenet.com	Health	-1	00:09:42	4.1	0.4388	Education and Resources
172	23	tuasaude.com	Health	-1	00:02:04	1.8	0.6914	
173	24	alodokter.com	Health	2	00:02:00	1.68	0.7055	
174	25	doctissimo.fr	Health	=	00:02:24	2.13	0.6927	
175	26	tunwalai.com	Health	-3	00:24:23	12.97	0.2066	
176	27	fitbit.com	Health	-3	00:03:33	3.83	0.4113	Products and Shopping
177	28	nhs.uk	Health	=	00:01:31	2.14	0.6904	Education and Resources
178	29	medscape.com	Health	=	00:03:20	3.5	0.41159999999999997	Medicine
179	30	abczdrowie.pl	Health	=	00:02:15	2.18	0.6261	Education and Resources
180	31	bethesda.net	Health	4	00:04:29	9.7	0.45270000000000005	
181	32	cdc.gov	Health	5	00:02:01	2.45	0.6929000000000001	
182	33	kaiserpermanente.org	Health	-2	00:04:58	6.36	0.2419	
183	34	jianke.com	Health	-2	00:00:50	1.45	0.7552	
184	35	psychologytoday.com	Health	-2	00:01:48	1.98	0.7237	Mental Health
185	36	baby.ru	Health	new	00:02:03	2.04	0.6562	
186	37	healthy.kaiserpermanente.org	Health	1	00:05:28	7.09	0.2023	
187	38	xyxy.net	Health	2	00:00:49	1.51	0.7343999999999999	
188	39	haowj.com.cn	Health	new	00:03:58	21.3	0.18489999999999998	
189	40	athenahealth.com	Health	-6	00:08:47	12.29	0.2518	Healthcare Industry
190	41	health.mail.ru	Health	-5	00:01:30	1.69	0.6914	
191	42	everydayhealth.com	Health	-3	00:01:06	2.34	0.7175	
192	43	minhavida.com.br	Health	-2	00:01:30	1.49	0.7676000000000001	
193	44	redcross.org	Health	new	00:03:24	3.57	0.46950000000000003	Public Health and Safety
195	46	who.int	Health	4	00:02:35	2.67	0.6454000000000001	
196	47	poradnikzdrowie.pl	Health	-2	00:01:45	1.69	0.6842	
197	48	activebeat.co	Health	-2	00:03:40	5.41	0.3987	Education and Resources
198	49	familydoctor.com.cn	Health	-7	00:00:34	1.69	0.6428	
199	50	health.com	Health	1	00:02:06	6.27	0.451	
200	1	news.yandex.ru	News and Media	=	00:03:15	5.56	0.30820000000000003	Newspapers
201	2	nytimes.com	News and Media	=	00:02:56	2.56	0.6015999999999999	Newspapers
202	3	dailymail.co.uk	News and Media	=	00:04:37	2.48	0.6152000000000001	Newspapers
203	4	theguardian.com	News and Media	=	00:02:31	2.62	0.6386	Newspapers
204	5	washingtonpost.com	News and Media	=	00:02:36	2.68	0.4264	Newspapers
205	6	rambler.ru	News and Media	=	00:05:50	4.75	0.2952	Newspapers
206	7	milliyet.com.tr	News and Media	1	00:10:07	8.95	0.46590000000000004	Newspapers
207	8	indiatimes.com	News and Media	-1	00:07:12	5.43	0.5247999999999999	Newspapers
208	9	elpais.com	News and Media	1	00:07:15	3.41	0.5584	Newspapers
209	10	vnexpress.net	News and Media	-1	00:07:38	4.04	0.4199	Newspapers
210	11	repubblica.it	News and Media	1	00:11:34	5.12	0.4645	Newspapers
211	12	bild.de	News and Media	1	00:05:24	3.62	0.312	Newspapers
212	13	telegraph.co.uk	News and Media	-2	00:02:12	2.84	0.706	Newspapers
213	14	lemonde.fr	News and Media	=	00:15:21	3.88	0.4986	Newspapers
214	15	infobae.com	News and Media	=	00:15:51	4.08	0.5336	Newspapers
215	16	gazeta.pl	News and Media	=	00:04:41	3.91	0.489	Newspapers
216	17	lanacion.com.ar	News and Media	=	00:14:03	4.26	0.5722	Newspapers
217	18	corriere.it	News and Media	=	00:07:27	3.53	0.485	Newspapers
218	19	youm7.com	News and Media	1	00:03:38	2.72	0.49479999999999996	Newspapers
219	20	kompas.com	News and Media	-1	00:05:16	2.31	0.5752	Newspapers
220	21	nbcnews.com	News and Media	=	00:06:26	3.12	0.5964	Newspapers
221	22	welt.de	News and Media	=	00:03:28	2.43	0.5418999999999999	Newspapers
222	23	cbsnews.com	News and Media	3	00:01:55	2.47	0.6464	Newspapers
223	24	folha.uol.com.br	News and Media	5	00:05:11	2.82	0.5766	Newspapers
224	25	latimes.com	News and Media	8	00:03:04	2.04	0.7099	Newspapers
225	26	vg.no	News and Media	-1	00:14:24	4.11	0.3876	Newspapers
226	27	ltn.com.tw	News and Media	-3	00:02:29	2.75	0.4722	Newspapers
227	28	20minutes.fr	News and Media	3	00:05:14	3.22	0.5747	Newspapers
228	29	kp.ru	News and Media	-1	00:02:21	3.02	0.5053	Newspapers
229	30	sfgate.com	News and Media	5	00:04:34	3.6	0.6441	Newspapers
230	31	nydailynews.com	News and Media	7	00:04:38	2.91	0.6299	Newspapers
231	32	aftonbladet.se	News and Media	2	00:04:45	3.23	0.429	Newspapers
232	33	index.hu	News and Media	-3	00:06:03	3.83	0.3259	Newspapers
233	34	telegraaf.nl	News and Media	3	00:11:16	4.25	0.3063	Newspapers
234	35	gazeta.ru	News and Media	-8	00:07:24	3.49	0.5546	Newspapers
235	36	indianexpress.com	News and Media	-4	00:01:57	1.99	0.6764	Newspapers
236	37	thehill.com	News and Media	-1	00:03:40	1.95	0.6831999999999999	Newspapers
237	38	thairath.co.th	News and Media	5	00:02:53	2.35	0.6079	Newspapers
238	39	yomiuri.co.jp	News and Media	new	00:02:39	2.97	0.39020000000000005	Newspapers
239	40	sankei.com	News and Media	5	00:02:47	3.1	0.46240000000000003	Newspapers
240	41	news18.com	News and Media	new	00:02:56	2.33	0.6056	Newspapers
241	42	wyborcza.pl	News and Media	2	00:03:17	3.33	0.3896	Newspapers
242	43	smh.com.au	News and Media	-1	00:10:28	4.6	0.5649000000000001	Newspapers
243	44	zeit.de	News and Media	5	00:03:54	2.55	0.55	Newspapers
244	45	iltalehti.fi	News and Media	-4	00:06:05	3.9	0.3097	Newspapers
245	46	kknews.cc	News and Media	new	00:02:23	2.03	0.6319	Newspapers
246	47	ekstrabladet.dk	News and Media	-8	00:06:35	4.43	0.2493	Newspapers
247	48	gazetevatan.com	News and Media	2	00:06:02	9.24	0.433	Newspapers
248	49	firstpost.com	News and Media	-9	00:04:08	2.8	0.5869	Newspapers
249	50	estadao.com.br	News and Media	1	00:06:52	3.46	0.5852	Newspapers
250	1	cnet.com	News and Media	=	00:01:56	2.73	0.5085999999999999	Technology News
251	2	zol.com.cn	News and Media	=	00:03:01	4.55	0.4545	Technology News
252	3	gsmarena.com	News and Media	1	00:03:42	4.23	0.29350000000000004	Technology News
253	4	ccm.net	News and Media	-1	00:02:36	2.2	0.5681	Technology News
254	5	pconline.com.cn	News and Media	=	00:01:15	1.96	0.6518999999999999	Technology News
255	6	gizmodo.com	News and Media	=	00:02:14	2.05	0.6178	Technology News
256	7	4pda.ru	News and Media	=	00:06:09	4.23	0.4075	Technology News
257	8	commentcamarche.net	News and Media	=	00:03:39	2.43	0.5722999999999999	Technology News
258	9	engadget.com	News and Media	5	00:02:18	2.22	0.6575	Technology News
259	10	lifehacker.com	News and Media	-1	00:01:47	1.91	0.6076	Technology News
260	11	techradar.com	News and Media	2	00:01:24	1.85	0.6640999999999999	Technology News
261	12	computerbild.de	News and Media	=	00:03:21	6.59	0.4732	Technology News
262	13	itmedia.co.jp	News and Media	2	00:02:11	2.73	0.5219	Technology News
263	14	1.com	News and Media	new	00:03:48	4.36	0.3431	Technology News
264	15	techtudo.com.br	News and Media	-4	00:01:28	1.58	0.6951999999999999	Technology News
265	16	heise.de	News and Media	=	00:03:25	4.17	0.4839	Technology News
266	17	01net.com	News and Media	2	00:08:17	3.9	0.4844	Technology News
267	18	tech.mail.ru	News and Media	-1	00:01:57	3.44	0.6295000000000001	Technology News
268	19	arstechnica.com	News and Media	3	00:01:55	1.9	0.6465000000000001	Technology News
269	20	techcrunch.com	News and Media	4	00:01:53	1.75	0.7303000000000001	Technology News
270	21	wired.com	News and Media	-3	00:04:43	2.16	0.7479	Technology News
271	22	tweakers.net	News and Media	1	00:05:30	4.69	0.33770000000000006	Technology News
272	23	digitaltrends.com	News and Media	-2	00:01:17	2.47	0.6244	Technology News
273	24	dpreview.com	News and Media	-4	00:04:06	4.47	0.4814	Technology News
274	25	tecmundo.com.br	News and Media	1	00:03:09	2.03	0.541	Technology News
275	26	trashbox.ru	News and Media	-1	00:02:23	2.21	0.649	Technology News
276	27	clubic.com	News and Media	=	00:02:27	2.44	0.498	Technology News
277	28	chip.com.tr	News and Media	=	00:07:43	16.42	0.5032	Technology News
278	29	trustedreviews.com	News and Media	3	00:01:09	1.61	0.6954	Technology News
279	30	pcworld.com	News and Media	-1	00:01:12	1.86	0.7116	Technology News
280	31	xataka.com	News and Media	7	00:01:48	1.78	0.6544	Technology News
281	32	sammobile.com	News and Media	1	00:04:55	5.73	0.3686	Technology News
282	33	zdnet.com	News and Media	18	00:01:15	2.01	0.6725	Technology News
283	34	news.mydrivers.com	News and Media	-3	00:04:11	3.55	0.5399	Technology News
284	35	cnmo.com	News and Media	4	00:01:24	3.08	0.5472	Technology News
285	36	genk.vn	News and Media	14	00:03:37	2.96	0.4339	Technology News
286	37	tech.ifeng.com	News and Media	29	00:01:10	2.14	0.6993	Technology News
287	38	bgr.com	News and Media	-1	00:00:54	1.81	0.6304	Technology News
288	39	news.ycombinator.com	News and Media	2	00:05:02	2.55	0.4728	Technology News
289	40	entrepreneur.com	News and Media	=	00:01:41	2.0	0.6858	Technology News
290	41	ixbt.com	News and Media	11	00:02:53	2.13	0.569	Technology News
291	42	geektimes.ru	News and Media	1	00:02:41	2.21	0.5408	Technology News
292	43	tech.sina.com.cn	News and Media	10	00:01:42	2.23	0.6898000000000001	Technology News
293	44	cool3c.com	News and Media	2	00:03:05	2.48	0.47340000000000004	Technology News
294	45	7230.com	News and Media	-11	00:01:33	2.08	0.5293	Technology News
295	46	computerbase.de	News and Media	1	00:02:50	2.32	0.5888	Technology News
296	47	dji.com	News and Media	-2	00:03:39	3.63	0.3943	Technology News
297	48	pcwelt.de	News and Media	11	00:02:16	2.2	0.6043999999999999	Technology News
298	49	teclast.com	News and Media	7	00:02:18	1.7	0.7061	Technology News
299	50	windowscentral.com	News and Media	13	00:01:17	1.65	0.6062	Technology News
300	1	yahoo.com	News and Media	=	00:06:11	6.19	0.4267	
301	2	qq.com	News and Media	=	00:04:50	4.55	0.48310000000000003	
302	3	yahoo.co.jp	News and Media	=	00:09:09	8.25	0.292	
303	4	naver.com	News and Media	=	00:14:15	12.22	0.1764	
304	5	msn.com	News and Media	=	00:08:42	5.88	0.48100000000000004	
305	6	accuweather.com	News and Media	=	00:01:34	2.69	0.4891	Weather
306	7	iqiyi.com	News and Media	=	00:05:32	3.2	0.4708	
307	8	sohu.com	News and Media	=	00:03:31	3.03	0.5212	
308	9	globo.com	News and Media	=	00:08:53	3.97	0.4661	
309	10	uol.com.br	News and Media	=	00:08:47	5.34	0.48450000000000004	
310	11	163.com	News and Media	=	00:03:55	4.78	0.4243	
311	12	toutiao.com	News and Media	5	00:15:21	8.72	0.2444	
312	13	bbc.co.uk	News and Media	=	00:04:04	3.7	0.4889	
313	14	news.google.com	News and Media	=	00:38:27	5.28	0.3926	
314	15	ifeng.com	News and Media	-3	00:04:16	5.1	0.4235	
315	16	espn.com	News and Media	5	00:09:22	5.05	0.39380000000000004	Sports News
316	17	sina.com.cn	News and Media	-2	00:02:08	2.46	0.6061	
317	18	cnn.com	News and Media	-2	00:03:36	2.26	0.5401	
318	19	wp.pl	News and Media	=	00:07:27	7.75	0.2418	
320	21	onet.pl	News and Media	-1	00:06:10	5.92	0.3607	
321	22	bbc.com	News and Media	1	00:02:41	2.47	0.6115999999999999	
322	23	zybang.com	News and Media	12	00:02:33	1.71	0.6506000000000001	
323	24	news.yahoo.com	News and Media	-2	00:04:42	13.42	0.39759999999999995	
325	26	news.yahoo.co.jp	News and Media	1	00:03:47	2.48	0.49560000000000004	
327	28	naver.jp	News and Media	-4	00:04:12	3.87	0.4044	Magazines and E Zines
328	29	foxnews.com	News and Media	4	00:07:18	3.12	0.5088	
329	30	livedoor.jp	News and Media	=	00:06:12	3.7	0.44520000000000004	
331	32	bp.blogspot.com	News and Media	-6	00:02:08	1.83	0.7164	
332	33	buzzfeed.com	News and Media	-5	00:03:40	5.22	0.37810000000000005	Magazines and E Zines
333	34	hurriyet.com.tr	News and Media	-2	00:10:02	7.59	0.4127	
336	37	weather.com	News and Media	3	00:01:53	2.32	0.4738	Weather
338	39	drudgereport.com	News and Media	3	00:21:31	9.43	0.5128	
339	40	sports.yahoo.com	News and Media	18	00:04:17	11.37	0.3937	Sports News
341	42	pantip.com	News and Media	-3	00:05:09	3.27	0.5007	
343	44	news.naver.com	News and Media	2	00:06:00	3.64	0.3892	
344	45	eastday.com	News and Media	-1	00:03:01	2.63	0.6148	
345	46	interia.pl	News and Media	-3	00:05:52	5.4	0.33	
346	47	detik.com	News and Media	3	00:06:54	4.13	0.39890000000000003	
347	48	zing.vn	News and Media	=	00:08:13	4.74	0.4539	
348	49	pixnet.net	News and Media	-2	00:04:06	2.35	0.5896	Magazines and E Zines
349	50	marca.com	News and Media	-1	00:10:27	5.8	0.327	Sports News
350	1	ssl.com	Science	1	00:00:56	1.51	0.758	Biology
351	2	cdn.com	Science	1	00:00:45	1.39	0.7757999999999999	Biology
352	3	genepi.org	Science	-2	00:06:34	4.79	0.4769	Biology
353	4	iusacell3g.com	Science	2				Biology
354	5	pnas.org	Science	-1	00:01:41	2.19	0.4108	Biology
355	6	cell.com	Science	-1	00:02:30	3.06	0.3779	Biology
356	7	todabiologia.com	Science	=	00:02:17	1.58	0.7393000000000001	Biology
357	8	ebi.ac.uk	Science	=	00:04:00	4.13	0.5843	Biology
358	9	asm.org	Science	=	00:02:20	1.97	0.6028	Biology
359	10	genscript.com	Science	73	00:02:10	10.22	0.6627	Biology
360	11	professor.bio.br	Science	6	00:02:36	1.68	0.6785	Biology
361	12	rcsb.org	Science	2	00:03:51	4.16	0.5096	Biology
362	13	dxy.com	Science	2	00:00:35	1.66	0.7918999999999999	Biology
363	14	physiology.org	Science	11	00:01:54	2.8	0.3934	Biology
364	15	5858.com	Science	-2	00:00:53	1.57	0.7179000000000001	Biology
365	16	neb.com	Science	3	00:03:35	3.06	0.5618	Biology
366	17	auladeanatomia.com	Science	10	00:04:01	2.05	0.6474	Biology
367	18	royalsocietypublishing.org	Science	3	00:01:57	1.89	0.6086	Biology
368	19	cshlp.org	Science	19	00:01:03	2.38	0.4043	Biology
369	20	insectidentification.org	Science	-10	00:03:10	4.78	0.47909999999999997	Biology
370	21	biorxiv.org	Science	7	00:02:05	2.31	0.5217	Biology
371	22	waploaded.com	Science	1	00:01:51	2.22	0.6496999999999999	Biology
372	23	lonerwolf.com	Science	-12	00:01:51	1.57	0.7556999999999999	Biology
373	24	expasy.org	Science	20	00:04:38	3.9	0.4732	Biology
374	25	broadinstitute.org	Science	-3	00:06:47	4.94	0.4217	Biology
375	26	bioone.org	Science	4	00:01:51	2.74	0.35200000000000004	Biology
376	27	addgene.org	Science	-7	00:03:46	3.56	0.4816	Biology
377	28	bio.com	Science	22	00:10:15	4.97	0.42579999999999996	Biology
378	29	genecards.org	Science	-13	00:02:55	2.63	0.6786	Biology
379	30	schule.de	Science	24	00:03:07	1.67	0.7026	Biology
380	31	biologists.org	Science	=	00:01:53	1.92	0.5863	Biology
381	32	mtnirancell.ir	Science	5	00:02:41	2.15	0.4304	Biology
382	33	omim.org	Science	31	00:02:48	2.87	0.6444	Biology
383	34	sanger.ac.uk	Science	12	00:17:42	16.31	0.5663	Biology
384	35	tmcell.tm	Science	-17	00:02:14	2.84	0.7259	Biology
385	36	ensembl.org	Science	-3	00:07:35	7.09	0.2898	Biology
386	37	zoo.net	Science	-13	00:02:49	3.17	0.40149999999999997	Biology
387	38	genexies.net	Science	7	00:00:38	1.28	0.8518000000000001	Biology
388	39	genome.gov	Science	-3	00:01:14	2.05	0.5253	Biology
389	40	pages.info	Science	21	00:01:00	1.31	0.8178	Biology
390	41	genome.jp	Science	-2	00:05:15	5.36	0.4669	Biology
391	42	nehircell.com.tr	Science	-16				Biology
392	43	popco.net	Science	-8	00:04:10	4.29	0.42450000000000004	Biology
393	44	jax.org	Science	-3	00:03:25	3.2	0.56	Biology
394	45	zoocdn.com	Science	-3	00:02:07	1.53	0.7056	Biology
395	46	pebblego.com	Science	new	00:05:05	7.66	0.2915	Biology
396	47	embl.de	Science	-7	00:05:36	5.1	0.42729999999999996	Biology
397	48	sbio.info	Science	new	00:01:56	1.27	0.8105	Biology
398	49	atcc.org	Science	16	00:03:10	3.17	0.5717	Biology
399	50	emdmillipore.com	Science	29	00:00:55	1.81	0.7064	Biology
450	1	noaa.gov	Science	1	00:03:48	3.56	0.4355	Environment
451	2	researchgate.net	Science	-1	00:02:35	2.72	0.5472	
452	3	infourok.ru	Science	23	00:02:57	1.77	0.6953	Educational Resources
453	4	mathworks.com	Science	1	00:05:45	4.46	0.3519	
454	5	howstuffworks.com	Science	-2	00:01:58	2.23	0.6701999999999999	
455	6	rae.es	Science	-2	00:03:23	3.82	0.3882	Social Sciences
456	7	acs.org	Science	1	00:07:46	3.37	0.3765	Chemistry
457	8	symbolab.com	Science	15	00:08:26	4.17	0.1938	Math
458	9	livescience.com	Science	=	00:01:14	1.43	0.7759999999999999	
459	10	sciences.com	Science	3	00:01:55	1.94	0.6399	
460	11	tropicaltidbits.com	Science	50	00:04:32	5.15	0.39399999999999996	
461	12	scientificamerican.com	Science	2	00:01:06	1.44	0.7867000000000001	
462	13	brainly.com	Science	2	00:05:21	4.44	0.5393	Educational Resources
463	14	webofknowledge.com	Science	24	00:05:30	8.04	0.32409999999999994	
464	15	mars.jp	Science	4	00:02:10	1.67	0.7209	Astronomy
466	17	cnpq.br	Science	-6	00:07:44	8.82	0.2078	Engineering and Technology
467	18	jst.go.jp	Science	2	00:02:29	2.84	0.5463	
468	19	isky.am	Science	-12	00:09:22	28.9	0.0917	Astronomy
469	20	graaam.com	Science	-14	00:05:56	3.59	0.6644	Social Sciences
470	21	sciencealert.com	Science	6	00:01:05	1.41	0.7862	
471	22	wolfram.com	Science	10	00:02:05	2.31	0.6820999999999999	Math
472	23	phys.org	Science	8	00:01:28	1.96	0.6164000000000001	
473	24	socratic.org	Science	23	00:01:37	1.54	0.6605	Math
474	25	calculatorsoup.com	Science	18	00:03:39	3.1	0.4802	Math
475	26	redalyc.org	Science	8	00:02:29	1.88	0.6735	
477	28	minhaji.net	Science	new	00:05:51	6.99	0.39640000000000003	Social Sciences
478	29	rsc.org	Science	11	00:02:34	2.45	0.5416	Chemistry
479	30	newscientist.com	Science	6	00:01:19	1.99	0.5676	
480	31	sciencesetavenir.fr	Science	-1	00:16:00	3.28	0.6606000000000001	
481	32	convertunits.com	Science	-3	00:01:25	1.34	0.7961	Math
483	34	wanfangdata.com.cn	Science	30	00:03:10	4.14	0.5462	
484	35	hwaml.com	Science	-2	00:02:10	1.66	0.7365	Social Sciences
485	36	popmech.ru	Science	5	00:01:56	1.97	0.6789000000000001	
486	37	ruansky.com	Science	-13	00:01:38	2.88	0.7683	Astronomy
487	38	corourbano.com	Science	-1	00:03:46	3.07	0.46240000000000003	Social Sciences
488	39	technet.idnes.cz	Science	new	00:02:49	2.94	0.5622	
489	40	subject.com.ua	Science	new	00:02:25	1.7	0.6794	Social Sciences
491	42	beemp3s.net	Science	15	00:02:49	1.96	0.525	Agriculture
492	43	mnn.com	Science	2	00:01:12	2.18	0.7486	Environment
493	44	schoolsoft.se	Science	new	00:06:12	8.13	0.1159	Social Sciences
494	45	flamp.ru	Science	-10	00:02:39	2.92	0.5609000000000001	Social Sciences
495	46	cyberleninka.ru	Science	40	00:02:10	2.22	0.6168	
496	47	cnrs.fr	Science	24	00:03:01	3.86	0.541	Environment
497	48	youmath.it	Science	22	00:03:33	1.94	0.6679999999999999	Math
498	49	geology.com	Science	16	00:01:48	1.84	0.6433	Earth Sciences
499	50	cern.ch	Science	-1	00:06:12	6.12	0.4058	Physics
